"Date","Max_Temperature_F","Mean_Temperature_F","Min_Temperature_F","Max_Dew_Point_F","MeanDew_Point_F","Min_Dewpoint_F","Max_Humidity","Mean_Humidity","Min_Humidity","Max_Sea_Level_Pressure_In","Mean_Sea_Level_Pressure_In","Min_Sea_Level_Pressure_In","Max_Visibility_Miles","Mean_Visibility_Miles","Min_Visibility_Miles","Max_Wind_Speed_MPH","Mean_Wind_Speed_MPH","Max_Gust_Speed_MPH","Precipitation_In","Events","rain","fog","snow","thunderstorm","timeSinceStart","daysSinceStart"
"2014-10-13",71,62,54,55,51,46,87,68,46,30.03,29.79,29.65,10,10,4,13,4,21,0,"Rain",TRUE,FALSE,FALSE,FALSE,"0",0
"2014-10-14",63,59,55,52,51,50,88,78,63,29.84,29.75,29.54,10,9,3,10,5,17,0.11,"Rain",TRUE,FALSE,FALSE,FALSE,"86400",1
"2014-10-15",62,58,54,53,50,46,87,77,67,29.98,29.71,29.51,10,9,3,18,7,25,0.45,"Rain",TRUE,FALSE,FALSE,FALSE,"172800",2
"2014-10-16",71,61,52,49,46,42,83,61,36,30.03,29.95,29.81,10,10,10,9,4,9,0,"Rain",TRUE,FALSE,FALSE,FALSE,"259200",3
"2014-10-17",64,60,57,55,51,41,87,72,46,29.83,29.78,29.73,10,10,6,8,3,8,0.14,"Rain",TRUE,FALSE,FALSE,FALSE,"345600",4
"2014-10-18",68,64,59,59,57,55,90,83,68,29.96,29.9,29.8,10,8,2,10,4,10,0.31,"Rain",TRUE,FALSE,FALSE,FALSE,"432000",5
"2014-10-19",73,64,55,57,55,53,94,74,52,29.8,29.73,29.67,10,10,6,10,3,18,0,"",FALSE,FALSE,FALSE,FALSE,"518400",6
"2014-10-20",66,60,55,57,54,50,90,78,67,29.8,29.74,29.69,10,10,5,12,5,12,0.44,"Rain",TRUE,FALSE,FALSE,FALSE,"604800",7
"2014-10-21",64,58,55,52,49,46,87,70,58,29.93,29.85,29.74,10,10,6,15,8,21,0.1,"Rain",TRUE,FALSE,FALSE,FALSE,"691200",8
"2014-10-22",60,58,57,55,53,48,88,81,67,29.73,29.68,29.56,10,6,2,14,8,22,1.43,"Rain",TRUE,FALSE,FALSE,FALSE,"777600",9
"2014-10-23",62,55,50,49,47,44,86,76,62,30.01,29.83,29.71,10,10,10,15,9,22,0.35,"Rain",TRUE,FALSE,FALSE,FALSE,"864000",10
"2014-10-24",60,56,51,50,47,44,86,75,60,30.05,29.96,29.74,10,10,8,8,4,8,0.13,"Rain",TRUE,FALSE,FALSE,FALSE,"950400",11
"2014-10-25",64,58,52,53,49,44,87,78,58,29.74,29.48,29.26,10,10,6,24,6,41,0.37,"Rain",TRUE,FALSE,FALSE,FALSE,"1036800",12
"2014-10-26",59,52,48,48,44,42,86,71,62,30.15,29.98,29.76,10,10,10,20,12,30,0.05,"Rain",TRUE,FALSE,FALSE,FALSE,"1123200",13
"2014-10-27",62,54,45,46,43,41,87,72,48,30.17,30.09,29.98,10,10,10,7,4,7,0.01,"Rain",TRUE,FALSE,FALSE,FALSE,"1209600",14
"2014-10-28",62,56,51,54,50,45,88,80,72,29.96,29.88,29.84,10,8,2,14,5,14,0.34,"Rain",TRUE,FALSE,FALSE,FALSE,"1296000",15
"2014-10-29",64,59,54,54,51,50,88,76,60,30.14,30.06,29.94,10,10,9,15,7,24,0.04,"Rain",TRUE,FALSE,FALSE,FALSE,"1382400",16
"2014-10-30",62,58,55,55,53,50,88,82,75,30.01,29.83,29.74,10,9,2,8,2,8,0.67,"Rain",TRUE,FALSE,FALSE,FALSE,"1468800",17
"2014-10-31",59,54,52,52,49,46,89,83,67,29.88,29.79,29.69,10,8,2,8,4,8,0.77,"Rain",TRUE,FALSE,FALSE,FALSE,"1555200",18
"2014-11-01",55,52,48,48,45,42,89,78,62,30.05,29.92,29.84,10,10,7,6,1,6,0,"",FALSE,FALSE,FALSE,FALSE,"1641600",19
"2014-11-02",57,51,45,52,47,42,90,82,62,30.15,30.1,30.06,10,9,4,9,5,9,0.11,"Rain",TRUE,FALSE,FALSE,FALSE,"1728000",20
"2014-11-03",60,58,55,53,51,48,84,80,75,30.12,30.08,30.01,10,9,3,13,8,20,0.24,"Rain",TRUE,FALSE,FALSE,FALSE,"1818000",21
"2014-11-04",61,58,55,54,51,48,90,79,67,30.29,30.14,29.99,10,9,3,10,6,10,0.05,"Rain",TRUE,FALSE,FALSE,FALSE,"1904400",22
"2014-11-05",61,57,53,55,51,48,90,79,64,30.28,30.15,29.96,10,10,3,7,2,7,0.27,"Rain",TRUE,FALSE,FALSE,FALSE,"1990800",23
"2014-11-06",64,60,54,55,50,45,90,75,58,30.3,29.99,29.8,10,10,4,20,8,37,0.22,"Rain",TRUE,FALSE,FALSE,FALSE,"2077200",24
"2014-11-07",59,52,45,45,43,40,86,72,53,30.48,30.41,30.31,10,10,10,7,3,7,0,"",FALSE,FALSE,FALSE,FALSE,"2163600",25
"2014-11-08",55,48,42,44,42,39,93,78,60,30.38,30.25,30.06,10,8,2,7,1,7,0,"",FALSE,FALSE,FALSE,FALSE,"2250000",26
"2014-11-09",57,52,48,50,46,43,87,80,72,30.06,29.93,29.82,10,9,3,12,6,16,0.29,"Rain",TRUE,FALSE,FALSE,FALSE,"2336400",27
"2014-11-10",54,48,43,43,40,34,86,71,54,30.2,30.17,30.07,10,10,10,8,2,8,0,"",FALSE,FALSE,FALSE,FALSE,"2422800",28
"2014-11-11",48,42,36,39,18,3,80,42,20,30.37,30.28,30.18,10,10,10,15,5,22,0,"",FALSE,FALSE,FALSE,FALSE,"2509200",29
"2014-11-12",46,39,32,10,4,1,40,24,16,30.37,30.25,30.11,10,10,10,13,8,22,0,"",FALSE,FALSE,FALSE,FALSE,"2595600",30
"2014-11-13",48,40,30,19,9,2,64,30,18,30.1,30.01,29.97,10,10,10,12,4,22,0,"",FALSE,FALSE,FALSE,FALSE,"2682000",31
"2014-11-14",48,38,28,26,18,11,69,48,23,30.31,30.15,30.03,10,10,10,8,2,8,0,"",FALSE,FALSE,FALSE,FALSE,"2768400",32
"2014-11-15",48,38,27,25,18,10,75,51,21,30.54,30.46,30.32,10,10,10,7,1,7,0,"",FALSE,FALSE,FALSE,FALSE,"2854800",33
"2014-11-16",50,39,28,27,21,15,69,53,25,30.52,30.45,30.37,10,10,10,8,1,8,0,"",FALSE,FALSE,FALSE,FALSE,"2941200",34
"2014-11-17",52,41,30,29,25,22,75,60,34,30.4,30.31,30.19,10,10,9,8,1,8,0,"",FALSE,FALSE,FALSE,FALSE,"3027600",35
"2014-11-18",48,39,30,36,31,25,86,75,54,30.18,30.13,30.09,10,8,5,6,1,6,0,"",FALSE,FALSE,FALSE,FALSE,"3114000",36
"2014-11-19",52,44,36,37,34,30,86,66,48,30.08,29.93,29.83,10,9,5,9,2,9,0,"Rain",TRUE,FALSE,FALSE,FALSE,"3200400",37
"2014-11-20",54,49,44,46,43,39,87,80,71,29.99,29.96,29.91,10,10,7,8,4,8,0.11,"Rain",TRUE,FALSE,FALSE,FALSE,"3286800",38
"2014-11-21",55,52,50,48,45,41,87,79,66,29.89,29.58,29.31,10,8,4,18,7,33,0.67,"Rain",TRUE,FALSE,FALSE,FALSE,"3373200",39
"2014-11-22",51,48,45,43,41,39,86,77,66,30.13,29.88,29.55,10,10,10,13,8,21,0.03,"Rain",TRUE,FALSE,FALSE,FALSE,"3459600",40
"2014-11-23",57,50,44,47,42,39,82,74,57,30.37,30.18,30.08,10,10,5,20,10,28,0.42,"Rain",TRUE,FALSE,FALSE,FALSE,"3546000",41
"2014-11-24",55,47,39,50,41,35,89,79,66,30.37,30.23,30.08,10,8,2,13,6,25,0.01,"Rain",TRUE,FALSE,FALSE,FALSE,"3632400",42
"2014-11-25",60,56,51,54,50,46,89,83,77,30.23,30.17,30.1,10,6,2,17,6,29,0.33,"Rain",TRUE,FALSE,FALSE,FALSE,"3718800",43
"2014-11-26",61,59,57,53,52,48,81,75,62,30.17,30.04,29.87,10,10,10,20,11,30,0.01,"Rain",TRUE,FALSE,FALSE,FALSE,"3805200",44
"2014-11-27",62,58,55,51,49,43,81,70,52,29.87,29.81,29.68,10,10,6,18,12,32,0.04,"Rain",TRUE,FALSE,FALSE,FALSE,"3891600",45
"2014-11-28",57,48,39,51,43,35,87,80,72,29.67,29.54,29.49,10,7,2,15,9,26,1.39,"Rain",TRUE,FALSE,FALSE,FALSE,"3978000",46
"2014-11-29",42,35,27,36,25,10,83,67,37,30.22,29.84,29.54,10,9,2,17,6,30,0.06,"Rain , Snow",TRUE,FALSE,TRUE,FALSE,"4064400",47
"2014-11-30",39,33,27,23,21,18,78,64,47,30.24,30.19,30.12,10,10,10,8,2,8,0,"",FALSE,FALSE,FALSE,FALSE,"4150800",48
"2014-12-01",41,34,26,25,21,16,75,62,45,30.24,30.17,30.11,10,10,10,9,1,9,0,"",FALSE,FALSE,FALSE,FALSE,"4237200",49
"2014-12-02",44,35,26,28,26,21,82,68,49,30.24,30.12,29.93,10,10,9,8,3,8,0,"",FALSE,FALSE,FALSE,FALSE,"4323600",50
"2014-12-03",48,40,33,31,27,24,70,58,44,29.91,29.82,29.76,10,10,8,6,1,6,0,"",FALSE,FALSE,FALSE,FALSE,"4410000",51
"2014-12-04",48,44,39,43,37,32,87,74,59,29.95,29.86,29.79,10,9,3,7,2,7,0.05,"Rain",TRUE,FALSE,FALSE,FALSE,"4496400",52
"2014-12-05",54,50,46,47,44,42,87,82,71,29.97,29.91,29.75,10,9,3,8,2,8,0.09,"Rain",TRUE,FALSE,FALSE,FALSE,"4582800",53
"2014-12-06",55,52,48,49,46,43,86,82,74,30.24,30.06,29.84,10,9,4,14,7,21,0.25,"Rain",TRUE,FALSE,FALSE,FALSE,"4669200",54
"2014-12-07",55,49,43,46,43,37,93,80,54,30.24,30.12,29.98,10,8,0,5,0,5,0,"Fog",FALSE,TRUE,FALSE,FALSE,"4755600",55
"2014-12-08",60,55,50,47,44,40,86,70,51,30.05,29.96,29.85,10,10,6,9,3,9,0.45,"Rain",TRUE,FALSE,FALSE,FALSE,"4842000",56
"2014-12-09",63,57,51,54,50,46,83,76,65,29.89,29.81,29.7,10,9,5,17,8,24,0.42,"Rain",TRUE,FALSE,FALSE,FALSE,"4928400",57
"2014-12-10",68,61,54,51,48,42,83,69,43,29.69,29.46,29.25,10,10,5,22,10,38,0.5,"Rain",TRUE,FALSE,FALSE,FALSE,"5014800",58
"2014-12-11",60,55,50,49,43,39,89,69,49,29.57,29.31,29.14,10,10,6,26,8,46,0.33,"Rain",TRUE,FALSE,FALSE,FALSE,"5101200",59
"2014-12-12",55,52,48,45,43,42,83,73,64,30.06,29.83,29.56,10,10,10,18,10,32,0,"",FALSE,FALSE,FALSE,FALSE,"5187600",60
"2014-12-13",52,46,41,43,41,37,90,82,71,30.24,30.2,30.06,10,8,1,8,3,8,0.01,"",FALSE,FALSE,FALSE,FALSE,"5274000",61
"2014-12-14",57,47,37,39,34,23,93,70,27,30.23,30.12,30,10,7,0,15,2,23,0,"Fog",FALSE,TRUE,FALSE,FALSE,"5360400",62
"2014-12-15",55,48,42,34,28,25,58,41,34,29.99,29.9,29.83,10,10,10,16,6,22,0,"",FALSE,FALSE,FALSE,FALSE,"5446800",63
"2014-12-16",52,48,44,40,33,27,68,53,38,29.86,29.84,29.82,10,10,10,8,5,8,0,"Rain",TRUE,FALSE,FALSE,FALSE,"5533200",64
"2014-12-17",51,48,44,45,41,35,87,77,68,29.93,29.86,29.81,10,9,5,6,1,6,0.16,"Rain",TRUE,FALSE,FALSE,FALSE,"5619600",65
"2014-12-18",51,48,46,46,43,41,93,83,74,29.95,29.86,29.73,10,8,2,10,4,18,0.6,"Rain",TRUE,FALSE,FALSE,FALSE,"5706000",66
"2014-12-19",54,50,46,46,41,37,86,70,58,29.96,29.9,29.8,10,10,7,12,8,17,0.13,"Rain",TRUE,FALSE,FALSE,FALSE,"5792400",67
"2014-12-20",57,52,46,52,46,41,87,83,72,29.85,29.58,29.45,10,7,2,17,7,31,0.6,"Rain",TRUE,FALSE,FALSE,FALSE,"5878800",68
"2014-12-21",57,55,53,49,46,44,77,72,62,30.11,29.91,29.54,10,10,10,14,7,25,0,"",FALSE,FALSE,FALSE,FALSE,"5965200",69
"2014-12-22",54,48,42,45,40,37,86,72,55,30.38,30.31,30.13,10,10,10,8,1,8,0,"",FALSE,FALSE,FALSE,FALSE,"6051600",70
"2014-12-23",53,48,43,52,42,36,96,80,66,30.31,30.17,30.09,10,7,2,14,5,14,0.61,"Rain",TRUE,FALSE,FALSE,FALSE,"6138000",71
"2014-12-24",46,44,41,39,38,37,89,80,71,30.07,29.98,29.91,10,10,7,8,5,8,0.12,"Rain",TRUE,FALSE,FALSE,FALSE,"6224400",72
"2014-12-25",48,42,37,39,37,34,87,79,66,30.31,30.2,30.06,10,10,6,7,3,7,0,"",FALSE,FALSE,FALSE,FALSE,"6310800",73
"2014-12-26",44,42,39,37,36,34,87,80,71,30.4,30.36,30.3,10,9,4,8,4,8,0,"",FALSE,FALSE,FALSE,FALSE,"6397200",74
"2014-12-27",52,47,42,45,40,36,87,78,69,30.31,30.13,30.03,10,9,5,15,8,25,0.12,"Rain",TRUE,FALSE,FALSE,FALSE,"6483600",75
"2014-12-28",46,44,41,39,38,35,85,79,71,30.23,30.17,30.09,10,10,8,8,5,8,0.06,"Rain",TRUE,FALSE,FALSE,FALSE,"6570000",76
"2014-12-29",46,42,35,36,28,21,87,62,40,30.74,30.43,30.18,10,10,10,9,3,9,0,"",FALSE,FALSE,FALSE,FALSE,"6656400",77
"2014-12-30",39,34,30,24,17,14,73,51,35,30.86,30.81,30.75,10,10,10,6,1,6,0,"",FALSE,FALSE,FALSE,FALSE,"6742800",78
"2014-12-31",41,34,26,25,22,18,78,60,41,30.73,30.58,30.43,10,10,10,7,2,7,0,"",FALSE,FALSE,FALSE,FALSE,"6829200",79
"2015-01-01",43,35,27,28,25,21,81,70,49,30.42,30.31,30.22,10,10,6,4,0,4,0,"",FALSE,FALSE,FALSE,FALSE,"6915600",80
"2015-01-02",44,38,32,39,32,25,86,76,67,30.23,30.16,30.1,10,10,7,12,4,12,0.03,"",FALSE,FALSE,FALSE,FALSE,"7002000",81
"2015-01-03",43,38,33,38,35,30,93,84,76,30.3,30.26,30.22,10,7,3,7,2,7,0,"Rain",TRUE,FALSE,FALSE,FALSE,"7088400",82
"2015-01-04",54,48,41,48,41,37,89,84,77,30.27,30.14,29.98,10,8,3,21,7,32,0.22,"Rain",TRUE,FALSE,FALSE,FALSE,"7174800",83
"2015-01-05",57,56,54,52,50,48,88,81,74,30.29,30.18,30,10,8,2,20,14,31,0.07,"Rain",TRUE,FALSE,FALSE,FALSE,"7261200",84
"2015-01-06",55,50,46,48,46,43,93,84,74,30.31,30.29,30.26,10,7,0,6,2,6,0.01,"Fog",FALSE,TRUE,FALSE,FALSE,"7347600",85
"2015-01-07",50,47,44,46,43,41,93,85,74,30.32,30.28,30.25,10,5,1,6,2,6,0,"",FALSE,FALSE,FALSE,FALSE,"7434000",86
"2015-01-08",48,44,39,41,38,36,89,82,71,30.26,30.17,30.12,10,6,0,8,3,8,0,"Fog",FALSE,TRUE,FALSE,FALSE,"7520400",87
"2015-01-09",50,44,39,41,39,37,93,86,68,30.13,30.09,30.02,10,4,0,6,2,6,0.01,"Fog , Rain",TRUE,TRUE,FALSE,FALSE,"7606800",88
"2015-01-10",48,46,44,45,44,41,93,88,83,30.07,30.03,30,10,3,1,7,1,7,0.18,"Rain",TRUE,FALSE,FALSE,FALSE,"7693200",89
"2015-01-11",51,48,46,46,45,42,89,85,80,30.24,30.14,30.07,10,5,0,5,1,5,0.06,"Fog , Rain",TRUE,TRUE,FALSE,FALSE,"7779600",90
"2015-01-12",53,49,45,43,41,39,90,78,64,30.44,30.35,30.25,10,10,4,10,1,10,0,"Rain",TRUE,FALSE,FALSE,FALSE,"7866000",91
"2015-01-13",48,44,41,41,38,37,87,80,66,30.48,30.43,30.32,10,9,2,10,2,10,0,"",FALSE,FALSE,FALSE,FALSE,"7952400",92
"2015-01-14",46,42,37,38,34,28,89,77,60,30.31,30.24,30.2,10,7,1,10,3,10,0,"",FALSE,FALSE,FALSE,FALSE,"8038800",93
"2015-01-15",46,41,36,41,34,27,86,73,63,30.21,30.03,29.79,10,9,3,16,3,16,0.43,"Rain",TRUE,FALSE,FALSE,FALSE,"8125200",94
"2015-01-16",55,50,44,45,40,36,87,71,57,30.24,30.08,29.82,10,10,10,13,8,22,0,"",FALSE,FALSE,FALSE,FALSE,"8211600",95
"2015-01-17",55,46,39,52,41,35,90,84,73,30.16,29.89,29.6,10,6,3,17,1,23,0.76,"Rain",TRUE,FALSE,FALSE,FALSE,"8298000",96
"2015-01-18",60,54,48,51,44,42,82,73,67,30.27,30.04,29.64,10,9,3,22,14,36,0.23,"Rain",TRUE,FALSE,FALSE,FALSE,"8384400",97
"2015-01-19",52,49,46,43,42,40,83,76,66,30.46,30.39,30.27,10,10,7,10,5,10,0.03,"Rain",TRUE,FALSE,FALSE,FALSE,"8470800",98
"2015-01-20",51,46,39,39,38,34,87,76,59,30.46,30.41,30.35,10,10,9,9,1,9,0,"",FALSE,FALSE,FALSE,FALSE,"8557200",99
"2015-01-21",48,40,33,39,35,29,93,81,66,30.35,30.29,30.23,10,6,0,5,1,5,0,"Fog",FALSE,TRUE,FALSE,FALSE,"8643600",100
"2015-01-22",52,48,45,46,43,38,87,81,76,30.4,30.33,30.27,10,9,5,8,1,8,0.03,"Rain",TRUE,FALSE,FALSE,FALSE,"8730000",101
"2015-01-23",57,54,50,52,49,45,89,84,76,30.4,30.32,30.26,10,8,2,13,6,21,0.08,"Rain",TRUE,FALSE,FALSE,FALSE,"8816400",102
"2015-01-24",62,58,55,55,52,51,87,82,75,30.32,30.26,30.21,10,10,10,10,7,20,0.02,"",FALSE,FALSE,FALSE,FALSE,"8902800",103
"2015-01-25",64,57,50,53,49,45,86,77,54,30.22,30.11,29.97,10,10,6,8,3,8,0.01,"",FALSE,FALSE,FALSE,FALSE,"8989200",104
"2015-01-26",64,55,46,47,46,42,93,77,52,29.99,29.95,29.91,10,7,0,13,4,13,0,"Fog",FALSE,TRUE,FALSE,FALSE,"9075600",105
"2015-01-27",55,52,50,49,47,45,88,83,80,30.29,30.1,29.98,10,6,2,10,6,10,0.02,"Rain",TRUE,FALSE,FALSE,FALSE,"9162000",106
"2015-01-28",55,50,46,45,42,40,87,76,64,30.4,30.36,30.3,10,10,7,6,2,6,0,"",FALSE,FALSE,FALSE,FALSE,"9248400",107
"2015-01-29",55,48,42,40,38,36,85,71,57,30.37,30.34,30.3,10,10,10,8,1,8,0,"",FALSE,FALSE,FALSE,FALSE,"9334800",108
"2015-01-30",48,44,39,40,38,35,96,85,71,30.34,30.3,30.25,10,3,0,8,1,8,0,"Fog",FALSE,TRUE,FALSE,FALSE,"9421200",109
"2015-01-31",46,42,39,40,39,37,89,83,76,30.27,30.22,30.11,10,4,0,6,1,6,0,"Fog",FALSE,TRUE,FALSE,FALSE,"9507600",110
"2015-02-01",51,48,44,45,42,39,87,82,76,30.11,30.06,30.03,10,7,2,10,5,17,0.04,"Rain",TRUE,FALSE,FALSE,FALSE,"9594000",111
"2015-02-02",55,50,44,48,43,40,87,79,66,30.08,29.94,29.85,10,7,1,20,5,34,0.3,"Rain",TRUE,FALSE,FALSE,FALSE,"9680400",112
"2015-02-03",52,48,44,46,44,42,93,83,74,30.12,30.08,30.02,10,8,0,10,5,10,0.03,"Fog , Rain",TRUE,TRUE,FALSE,FALSE,"9766800",113
"2015-02-04",52,47,42,46,43,39,93,84,74,30.09,29.95,29.74,10,6,0,7,2,7,0.3,"Fog , Rain",TRUE,TRUE,FALSE,FALSE,"9853200",114
"2015-02-05",59,54,48,53,49,44,86,83,78,29.7,29.54,29.39,10,8,3,13,7,20,0.87,"Rain",TRUE,FALSE,FALSE,FALSE,"9939600",115
"2015-02-06",60,56,53,53,50,44,87,78,62,29.47,29.4,29.33,10,8,3,16,10,23,0.75,"Rain",TRUE,FALSE,FALSE,FALSE,"10026000",116
"2015-02-07",57,54,51,51,48,45,89,81,69,29.86,29.56,29.35,10,8,4,17,6,32,0.82,"Rain",TRUE,FALSE,FALSE,FALSE,"10112400",117
"2015-02-08",60,54,48,48,45,43,87,72,53,29.96,29.82,29.63,10,10,7,10,5,10,0.15,"Rain",TRUE,FALSE,FALSE,FALSE,"10198800",118
"2015-02-09",57,52,48,50,48,45,89,80,67,30.01,29.78,29.58,10,9,4,10,4,17,0.15,"Rain",TRUE,FALSE,FALSE,FALSE,"10285200",119
"2015-02-10",57,52,48,50,46,43,83,73,62,30.31,30.23,30.04,10,10,6,17,9,22,0.02,"Rain",TRUE,FALSE,FALSE,FALSE,"10371600",120
"2015-02-11",57,51,45,48,45,41,87,78,64,30.25,30.2,30.16,10,10,6,5,1,5,0,"",FALSE,FALSE,FALSE,FALSE,"10458000",121
"2015-02-12",72,62,51,49,47,43,89,70,44,30.27,30.24,30.19,10,10,9,9,4,9,0.02,"Rain",TRUE,FALSE,FALSE,FALSE,"10544400",122
"2015-02-13",61,54,46,50,47,45,99,80,60,30.26,30.18,30.09,10,10,7,6,1,6,0,"Rain",TRUE,FALSE,FALSE,FALSE,"10630800",123
"2015-02-14",60,54,48,50,46,38,90,75,62,30.45,30.36,30.24,10,10,7,8,2,8,0.05,"Rain",TRUE,FALSE,FALSE,FALSE,"10717200",124
"2015-02-15",55,48,42,42,40,36,82,72,60,30.48,30.4,30.32,10,10,10,10,3,10,0,"",FALSE,FALSE,FALSE,FALSE,"10803600",125
"2015-02-16",61,53,45,41,37,31,83,63,32,30.34,30.3,30.24,10,10,9,9,4,9,0,"",FALSE,FALSE,FALSE,FALSE,"10890000",126
"2015-02-17",60,52,44,37,35,34,74,57,38,30.24,30.17,30.1,10,10,10,8,1,8,0,"",FALSE,FALSE,FALSE,FALSE,"10976400",127
"2015-02-18",57,48,39,43,39,34,79,67,55,30.27,30.22,30.14,10,10,10,12,5,12,0,"",FALSE,FALSE,FALSE,FALSE,"11062800",128
"2015-02-19",54,51,48,48,46,42,87,79,74,30.29,30.26,30.22,10,9,5,6,2,6,0.03,"Rain",TRUE,FALSE,FALSE,FALSE,"11149200",129
"2015-02-20",54,52,50,46,45,41,86,77,66,30.3,30.28,30.26,10,8,3,6,0,6,0.02,"Rain",TRUE,FALSE,FALSE,FALSE,"11235600",130
"2015-02-21",55,50,44,41,38,34,82,67,47,30.45,30.33,30.27,10,10,10,10,3,20,0,"",FALSE,FALSE,FALSE,FALSE,"11322000",131
"2015-02-22",54,45,36,38,31,24,93,62,31,30.48,30.43,30.38,10,10,10,6,1,6,0,"",FALSE,FALSE,FALSE,FALSE,"11408400",132
"2015-02-23",55,44,33,33,30,26,82,57,33,30.44,30.41,30.38,10,10,10,6,1,6,0,"",FALSE,FALSE,FALSE,FALSE,"11494800",133
"2015-02-24",54,45,36,38,33,29,79,62,43,30.42,30.38,30.34,10,10,10,7,3,7,0,"",FALSE,FALSE,FALSE,FALSE,"11581200",134
"2015-02-25",52,49,46,47,43,37,89,79,68,30.44,30.36,30.26,10,8,2,8,3,8,0.07,"Rain",TRUE,FALSE,FALSE,FALSE,"11667600",135
"2015-02-26",54,51,48,47,45,44,87,81,72,30.26,30.1,29.81,10,8,5,7,2,7,0.22,"Rain",TRUE,FALSE,FALSE,FALSE,"11754000",136
"2015-02-27",54,51,48,46,43,37,90,75,57,29.95,29.79,29.72,10,9,4,9,4,9,0.73,"Rain",TRUE,FALSE,FALSE,FALSE,"11840400",137
"2015-02-28",55,47,37,34,28,19,73,47,24,30.24,30.16,29.97,10,10,10,12,5,18,0,"",FALSE,FALSE,FALSE,FALSE,"11926800",138
"2015-03-01",54,44,35,35,30,26,79,56,34,30.26,30.13,29.98,10,10,10,7,3,7,0,"",FALSE,FALSE,FALSE,FALSE,"12013200",139
"2015-03-02",54,49,39,36,34,28,73,58,38,30.16,30.05,29.99,10,10,10,12,6,23,0,"",FALSE,FALSE,FALSE,FALSE,"12099600",140
"2015-03-03",52,42,32,32,24,10,82,53,19,30.27,30.23,30.18,10,10,10,9,3,9,0,"",FALSE,FALSE,FALSE,FALSE,"12186000",141
"2015-03-04",55,44,32,29,24,19,75,49,25,30.32,30.29,30.26,10,10,10,10,2,10,0,"",FALSE,FALSE,FALSE,FALSE,"12272400",142
"2015-03-05",59,48,37,39,32,26,73,55,28,30.4,30.36,30.31,10,10,10,6,3,6,0,"",FALSE,FALSE,FALSE,FALSE,"12358800",143
"2015-03-06",59,49,39,41,37,34,80,63,41,30.45,30.39,30.35,10,10,9,6,1,6,0,"",FALSE,FALSE,FALSE,FALSE,"12445200",144
"2015-03-07",62,50,37,42,39,33,87,66,42,30.37,30.31,30.24,10,10,9,8,2,8,0,"Rain",TRUE,FALSE,FALSE,FALSE,"12531600",145
"2015-03-08",63,50,37,43,40,34,89,67,43,30.26,30.19,30.11,10,10,9,9,1,9,0,"",FALSE,FALSE,FALSE,FALSE,"12618000",146
"2015-03-09",57,49,41,44,41,36,86,73,59,30.14,30.1,30.06,10,10,8,12,3,12,0,"",FALSE,FALSE,FALSE,FALSE,"12700800",147
"2015-03-10",60,50,44,48,42,38,93,76,55,30.04,29.93,29.78,10,5,0,9,4,17,0,"Fog , Rain",TRUE,TRUE,FALSE,FALSE,"12787200",148
"2015-03-11",62,56,51,50,48,46,86,75,60,30.16,29.98,29.87,10,10,8,9,6,9,0.09,"Rain",TRUE,FALSE,FALSE,FALSE,"12873600",149
"2015-03-12",66,60,53,49,47,42,82,66,43,30.43,30.33,30.19,10,10,10,12,8,18,0,"",FALSE,FALSE,FALSE,FALSE,"12960000",150
"2015-03-13",66,59,52,49,45,42,74,63,42,30.32,30.1,29.94,10,10,7,12,2,12,0.04,"Rain",TRUE,FALSE,FALSE,FALSE,"13046400",151
"2015-03-14",61,58,54,54,49,43,88,76,64,29.99,29.9,29.77,10,8,4,15,7,28,0.54,"Rain",TRUE,FALSE,FALSE,FALSE,"13132800",152
"2015-03-15",54,50,46,47,44,41,87,84,72,30.12,29.8,29.62,10,5,1,9,4,9,2.2,"Rain",TRUE,FALSE,FALSE,FALSE,"13219200",153
"2015-03-16",57,52,46,43,42,40,86,71,53,30.27,30.19,30.09,10,10,10,12,4,16,0,"",FALSE,FALSE,FALSE,FALSE,"13305600",154
"2015-03-17",60,51,43,46,42,38,85,73,53,30.22,30.1,30.05,10,10,6,12,3,18,0.03,"Rain",TRUE,FALSE,FALSE,FALSE,"13392000",155
"2015-03-18",63,54,46,44,42,39,83,64,44,30.31,30.26,30.21,10,10,10,7,4,7,0,"",FALSE,FALSE,FALSE,FALSE,"13478400",156
"2015-03-19",63,56,48,49,43,41,80,63,46,30.2,30.1,30.02,10,10,10,8,4,8,0.01,"Rain",TRUE,FALSE,FALSE,FALSE,"13564800",157
"2015-03-20",60,56,51,48,47,44,86,74,57,30,29.93,29.88,10,10,5,6,2,6,0.12,"Rain",TRUE,FALSE,FALSE,FALSE,"13651200",158
"2015-03-21",59,55,50,48,44,37,80,67,51,30.11,30.04,29.89,10,10,7,17,9,36,0.13,"Rain",TRUE,FALSE,FALSE,FALSE,"13737600",159
"2015-03-22",55,49,43,47,43,39,86,76,64,30.09,29.99,29.95,10,9,2,9,2,9,0.07,"Rain",TRUE,FALSE,FALSE,FALSE,"13824000",160
"2015-03-23",54,48,42,45,41,39,93,81,66,29.99,29.95,29.91,10,7,0,13,4,22,0.2,"Fog , Rain",TRUE,TRUE,FALSE,FALSE,"13910400",161
"2015-03-24",59,52,46,43,41,39,86,72,53,30.26,30.12,29.9,10,9,5,15,4,17,0.27,"Rain",TRUE,FALSE,FALSE,FALSE,"13996800",162
"2015-03-25",61,54,48,54,48,42,88,78,69,30.3,30.24,30.2,10,9,5,14,7,25,0.15,"Rain",TRUE,FALSE,FALSE,FALSE,"14083200",163
"2015-03-26",72,62,52,52,49,45,86,67,39,30.3,30.23,30.13,10,10,10,10,5,10,0,"",FALSE,FALSE,FALSE,FALSE,"14169600",164
"2015-03-27",69,59,50,52,48,46,86,70,50,30.12,30.02,29.95,10,10,9,15,4,24,0.01,"Rain",TRUE,FALSE,FALSE,FALSE,"14256000",165
"2015-03-28",64,58,52,46,43,39,77,63,46,30.35,30.23,30.05,10,10,10,16,13,26,0,"",FALSE,FALSE,FALSE,FALSE,"14342400",166
"2015-03-29",63,57,51,49,44,41,80,63,50,30.33,30.23,30.15,10,10,10,12,7,18,0,"",FALSE,FALSE,FALSE,FALSE,"14428800",167
"2015-03-30",66,60,55,49,47,44,77,64,45,30.14,30,29.84,10,10,8,10,7,16,0.02,"Rain",TRUE,FALSE,FALSE,FALSE,"14515200",168
"2015-03-31",57,50,46,48,41,38,86,72,55,30.21,30.06,29.84,10,9,3,15,7,22,0.31,"Rain",TRUE,FALSE,FALSE,FALSE,"14601600",169
"2015-04-01",57,50,44,44,40,36,93,73,49,30.34,30.27,30.22,10,10,10,14,5,14,0.05,"Rain",TRUE,FALSE,FALSE,FALSE,"14688000",170
"2015-04-02",59,50,43,42,38,33,90,66,39,30.43,30.37,30.32,10,10,6,7,3,7,0,"Rain",TRUE,FALSE,FALSE,FALSE,"14774400",171
"2015-04-03",55,49,44,43,39,37,76,68,53,30.31,30.2,30.15,10,9,5,16,7,23,0.05,"Rain",TRUE,FALSE,FALSE,FALSE,"14860800",172
"2015-04-04",57,48,39,37,34,25,83,58,31,30.16,30.08,29.93,10,10,10,9,4,9,0,"",FALSE,FALSE,FALSE,FALSE,"14947200",173
"2015-04-05",63,50,39,39,34,28,79,56,28,29.92,29.76,29.64,10,10,10,8,2,8,0,"",FALSE,FALSE,FALSE,FALSE,"15033600",174
"2015-04-06",60,52,46,40,37,31,74,58,35,29.86,29.81,29.72,10,10,10,12,6,12,0,"Rain",TRUE,FALSE,FALSE,FALSE,"15120000",175
"2015-04-07",59,54,48,44,40,38,71,63,47,29.93,29.86,29.82,10,10,10,14,4,14,0.01,"Rain",TRUE,FALSE,FALSE,FALSE,"15206400",176
"2015-04-08",64,54,46,44,40,37,77,62,39,30.15,30.07,29.94,10,10,10,10,3,10,0,"",FALSE,FALSE,FALSE,FALSE,"15292800",177
"2015-04-09",66,54,45,44,40,36,80,61,34,30.16,30.08,29.96,10,10,10,14,5,20,0,"",FALSE,FALSE,FALSE,FALSE,"15379200",178
"2015-04-10",60,54,48,46,42,37,82,68,45,29.96,29.87,29.78,10,9,4,15,6,25,0.52,"Rain",TRUE,FALSE,FALSE,FALSE,"15465600",179
"2015-04-11",55,50,44,45,38,33,82,65,51,30.13,29.95,29.78,10,10,7,15,8,25,0.02,"Rain",TRUE,FALSE,FALSE,FALSE,"15552000",180
"2015-04-12",59,52,46,39,36,32,71,57,41,30.23,30.17,30.04,10,10,10,10,6,17,0,"",FALSE,FALSE,FALSE,FALSE,"15638400",181
"2015-04-13",54,48,42,50,42,38,100,80,57,30.04,29.95,29.88,10,8,3,13,4,13,0.46,"Rain",TRUE,FALSE,FALSE,FALSE,"15724800",182
"2015-04-14",55,47,39,43,39,34,100,78,44,30.46,30.25,30.05,10,10,8,13,8,13,0.05,"Rain",TRUE,FALSE,FALSE,FALSE,"15811200",183
"2015-04-15",59,49,39,38,34,26,83,57,28,30.57,30.51,30.46,10,10,10,7,4,7,0,"Rain",TRUE,FALSE,FALSE,FALSE,"15897600",184
"2015-04-16",64,52,41,41,37,35,79,56,37,30.47,30.34,30.22,10,10,10,10,2,18,0,"Rain",TRUE,FALSE,FALSE,FALSE,"15984000",185
"2015-04-17",68,56,46,46,42,33,77,57,28,30.32,30.25,30.22,10,10,10,12,3,21,0,"",FALSE,FALSE,FALSE,FALSE,"16070400",186
"2015-04-18",68,57,48,45,41,33,77,55,28,30.38,30.31,30.24,10,10,10,9,2,9,0,"Rain",TRUE,FALSE,FALSE,FALSE,"16156800",187
"2015-04-19",69,58,46,45,43,39,81,56,37,30.24,30.13,29.98,10,10,10,10,2,17,0,"",FALSE,FALSE,FALSE,FALSE,"16243200",188
"2015-04-20",73,60,48,46,42,34,77,50,25,29.98,29.91,29.83,10,10,10,10,2,10,0,"Rain",TRUE,FALSE,FALSE,FALSE,"16329600",189
"2015-04-21",64,56,46,48,44,40,82,68,52,30.13,29.98,29.87,10,9,5,12,3,12,0.16,"Rain",TRUE,FALSE,FALSE,FALSE,"16416000",190
"2015-04-22",62,52,43,40,37,24,86,62,24,30.2,30.14,30.06,10,10,10,9,5,17,0,"",FALSE,FALSE,FALSE,FALSE,"16502400",191
"2015-04-23",55,50,46,44,38,34,80,64,50,30.05,29.89,29.78,10,9,5,14,7,20,0.1,"Rain",TRUE,FALSE,FALSE,FALSE,"16588800",192
"2015-04-24",57,52,46,42,40,39,79,70,55,29.89,29.82,29.77,10,9,2,17,10,24,0.15,"Rain",TRUE,FALSE,FALSE,FALSE,"16675200",193
"2015-04-25",57,52,46,41,38,34,79,62,44,30.1,29.98,29.9,10,10,10,9,2,9,0.01,"",FALSE,FALSE,FALSE,FALSE,"16761600",194
"2015-04-26",61,52,42,47,39,36,80,62,46,30.26,30.2,30.11,10,10,10,9,5,9,0,"",FALSE,FALSE,FALSE,FALSE,"16848000",195
"2015-04-27",78,66,53,52,50,48,88,66,37,30.27,30.14,29.9,10,10,8,10,6,10,0,"Rain",TRUE,FALSE,FALSE,FALSE,"16934400",196
"2015-04-28",63,56,51,52,48,44,83,73,60,30.18,30.09,29.91,10,9,3,14,6,20,0.11,"Rain",TRUE,FALSE,FALSE,FALSE,"17020800",197
"2015-04-29",64,56,48,46,42,37,82,64,42,30.29,30.24,30.18,10,10,10,12,6,28,0.01,"",FALSE,FALSE,FALSE,FALSE,"17107200",198
"2015-04-30",64,57,50,44,41,35,74,57,35,30.33,30.25,30.14,10,10,10,9,5,9,0,"",FALSE,FALSE,FALSE,FALSE,"17193600",199
"2015-05-01",64,59,54,46,44,40,72,58,45,30.13,30.06,30,10,10,10,9,4,9,0,"",FALSE,FALSE,FALSE,FALSE,"17280000",200
"2015-05-02",66,58,51,42,38,31,71,51,27,30.1,30.05,29.99,10,10,10,10,4,17,0,"",FALSE,FALSE,FALSE,FALSE,"17366400",201
"2015-05-03",69,57,45,42,37,29,80,49,22,30.02,29.96,29.88,10,10,10,9,3,9,0,"",FALSE,FALSE,FALSE,FALSE,"17452800",202
"2015-05-04",64,55,46,44,41,39,77,59,41,29.99,29.93,29.88,10,10,10,14,6,28,0,"",FALSE,FALSE,FALSE,FALSE,"17539200",203
"2015-05-05",62,54,48,46,42,39,82,68,47,30.12,30.05,29.99,10,9,7,14,8,24,0.18,"Rain",TRUE,FALSE,FALSE,FALSE,"17625600",204
"2015-05-06",64,56,48,44,40,34,83,62,33,30.15,30.12,30.09,10,10,10,12,3,20,0,"",FALSE,FALSE,FALSE,FALSE,"17712000",205
"2015-05-07",70,58,46,43,39,34,80,52,27,30.17,30.11,30.03,10,10,10,10,3,20,0,"",FALSE,FALSE,FALSE,FALSE,"17798400",206
"2015-05-08",75,62,48,46,40,28,77,47,20,30.07,30.02,29.96,10,10,10,10,2,16,0,"",FALSE,FALSE,FALSE,FALSE,"17884800",207
"2015-05-09",80,66,51,46,39,32,74,42,19,30.1,30.06,30.01,10,10,10,6,2,6,0,"",FALSE,FALSE,FALSE,FALSE,"17971200",208
"2015-05-10",69,62,55,50,47,39,72,59,43,30.08,30.04,30.01,10,10,10,8,3,8,0,"",FALSE,FALSE,FALSE,FALSE,"18057600",209
"2015-05-11",59,56,53,50,47,45,82,71,64,30.05,29.99,29.89,10,10,5,9,5,9,0,"Rain",TRUE,FALSE,FALSE,FALSE,"18144000",210
"2015-05-12",62,58,55,52,49,47,88,75,60,29.87,29.85,29.83,10,10,6,13,4,17,0.11,"Rain",TRUE,FALSE,FALSE,FALSE,"18230400",211
"2015-05-13",57,54,53,50,48,46,86,78,69,29.94,29.89,29.85,10,9,6,10,7,10,0.14,"Rain",TRUE,FALSE,FALSE,FALSE,"18316800",212
"2015-05-14",66,60,53,49,47,45,86,72,47,29.93,29.9,29.83,10,9,6,7,1,7,0,"",FALSE,FALSE,FALSE,FALSE,"18403200",213
"2015-05-15",69,60,53,51,48,45,83,69,45,29.95,29.88,29.85,10,10,6,10,2,10,0.01,"",FALSE,FALSE,FALSE,FALSE,"18489600",214
"2015-05-16",62,58,55,49,48,46,72,67,60,30.05,29.99,29.95,10,10,10,9,6,9,0,"",FALSE,FALSE,FALSE,FALSE,"18576000",215
"2015-05-17",69,62,55,50,48,46,74,64,49,30.08,30.06,30.04,10,10,10,8,2,8,0,"",FALSE,FALSE,FALSE,FALSE,"18662400",216
"2015-05-18",78,66,55,52,49,47,75,56,34,30.08,30.05,29.99,10,10,10,9,3,9,0,"",FALSE,FALSE,FALSE,FALSE,"18748800",217
"2015-05-19",75,65,57,54,52,50,82,67,46,30.12,30.07,29.99,10,10,10,7,2,7,0,"",FALSE,FALSE,FALSE,FALSE,"18835200",218
"2015-05-20",73,64,54,54,51,49,86,68,45,30.04,29.96,29.85,10,9,3,7,4,7,0,"",FALSE,FALSE,FALSE,FALSE,"18921600",219
"2015-05-21",81,68,57,56,52,50,75,57,40,29.88,29.85,29.81,10,10,10,7,2,7,0,"",FALSE,FALSE,FALSE,FALSE,"19008000",220
"2015-05-22",64,60,57,51,50,48,77,70,63,30.09,29.99,29.9,10,10,10,9,6,9,0,"",FALSE,FALSE,FALSE,FALSE,"19094400",221
"2015-05-23",64,59,55,51,49,48,77,70,62,30.19,30.16,30.09,10,10,10,8,5,8,0,"Rain",TRUE,FALSE,FALSE,FALSE,"19180800",222
"2015-05-24",66,60,55,51,49,48,77,67,58,30.18,30.1,30.01,10,10,10,8,5,8,0,"",FALSE,FALSE,FALSE,FALSE,"19267200",223
"2015-05-25",62,58,55,50,48,47,77,68,62,30.03,30.02,30,10,10,10,9,6,9,0,"",FALSE,FALSE,FALSE,FALSE,"19353600",224
"2015-05-26",72,64,57,52,50,47,75,61,42,30.06,30.03,30.01,10,10,10,9,4,9,0,"",FALSE,FALSE,FALSE,FALSE,"19440000",225
"2015-05-27",78,67,57,54,52,51,82,60,42,30.08,30.04,30,10,10,10,7,2,7,0,"",FALSE,FALSE,FALSE,FALSE,"19526400",226
"2015-05-28",82,70,57,54,52,50,78,55,34,30.09,30.03,29.98,10,10,10,9,2,9,0,"",FALSE,FALSE,FALSE,FALSE,"19612800",227
"2015-05-29",82,71,61,57,53,49,75,56,38,30,29.95,29.88,10,10,10,10,2,10,0,"",FALSE,FALSE,FALSE,FALSE,"19699200",228
"2015-05-30",75,63,53,49,47,45,77,59,37,29.99,29.94,29.88,10,10,10,10,5,10,0,"",FALSE,FALSE,FALSE,FALSE,"19785600",229
"2015-05-31",75,65,57,52,49,46,77,59,40,29.94,29.85,29.77,10,10,10,10,4,16,0,"",FALSE,FALSE,FALSE,FALSE,"19872000",230
"2015-06-01",64,60,57,53,50,47,83,71,56,29.95,29.9,29.79,10,10,5,14,5,17,0.09,"Rain",TRUE,FALSE,FALSE,FALSE,"19958400",231
"2015-06-02",66,60,57,52,50,48,81,68,56,30.07,30.02,29.95,10,10,10,12,8,20,0,"",FALSE,FALSE,FALSE,FALSE,"20044800",232
"2015-06-03",69,62,57,50,48,46,74,62,47,30.08,30.06,30.03,10,10,10,9,5,9,0,"",FALSE,FALSE,FALSE,FALSE,"20131200",233
"2015-06-04",73,65,57,49,46,44,64,53,39,30.14,30.11,30.08,10,10,10,12,3,18,0,"",FALSE,FALSE,FALSE,FALSE,"20217600",234
"2015-06-05",80,68,57,51,48,44,70,48,30,30.14,30.08,30.01,10,10,10,12,3,20,0,"",FALSE,FALSE,FALSE,FALSE,"20304000",235
"2015-06-06",84,72,59,53,50,46,65,46,29,30.06,30.01,29.96,10,10,10,10,3,17,0,"",FALSE,FALSE,FALSE,FALSE,"20390400",236
"2015-06-07",88,74,61,52,50,45,70,43,23,30.04,30.01,29.97,10,10,10,12,4,12,0,"",FALSE,FALSE,FALSE,FALSE,"20476800",237
"2015-06-08",86,73,60,54,48,31,75,44,17,30.02,29.97,29.91,10,10,10,10,3,18,0,"",FALSE,FALSE,FALSE,FALSE,"20563200",238
"2015-06-09",86,72,61,49,43,30,60,36,17,29.98,29.92,29.85,10,10,10,9,3,9,0,"",FALSE,FALSE,FALSE,FALSE,"20649600",239
"2015-06-10",81,68,55,51,48,46,75,51,30,30.02,29.96,29.91,10,10,10,8,5,8,0,"",FALSE,FALSE,FALSE,FALSE,"20736000",240
"2015-06-11",79,66,55,50,48,45,75,55,34,30.15,30.1,30.03,10,10,10,9,5,20,0,"",FALSE,FALSE,FALSE,FALSE,"20822400",241
"2015-06-12",70,64,57,46,44,39,67,52,35,30.2,30.16,30.11,10,10,10,8,5,8,0,"",FALSE,FALSE,FALSE,FALSE,"20908800",242
"2015-06-13",75,64,52,48,44,37,77,49,24,30.13,30.07,30,10,10,10,8,3,8,0,"",FALSE,FALSE,FALSE,FALSE,"20995200",243
"2015-06-14",81,69,57,48,45,41,72,44,25,30.05,29.98,29.9,10,10,10,10,3,17,0,"",FALSE,FALSE,FALSE,FALSE,"21081600",244
"2015-06-15",86,72,61,48,45,39,60,38,20,29.96,29.92,29.86,10,10,10,10,3,10,0,"",FALSE,FALSE,FALSE,FALSE,"21168000",245
"2015-06-16",73,64,55,49,46,39,75,55,29,30.13,30.08,29.98,10,10,10,10,5,10,0,"",FALSE,FALSE,FALSE,FALSE,"21254400",246
"2015-06-17",78,67,57,49,45,35,70,49,23,30.11,30.06,29.99,10,10,10,8,3,8,0,"",FALSE,FALSE,FALSE,FALSE,"21340800",247
"2015-06-18",80,70,62,52,46,42,70,46,28,30.05,29.99,29.95,10,10,10,9,3,9,0,"",FALSE,FALSE,FALSE,FALSE,"21427200",248
"2015-06-19",75,66,59,55,51,45,81,61,38,30.14,30.11,30.06,10,9,4,10,4,10,0.07,"Rain",TRUE,FALSE,FALSE,FALSE,"21513600",249
"2015-06-20",77,66,57,47,43,36,62,44,23,30.14,30.06,29.96,10,10,10,10,4,17,0,"",FALSE,FALSE,FALSE,FALSE,"21600000",250
"2015-06-21",81,70,60,49,45,38,64,44,22,30.01,29.93,29.91,10,10,10,9,4,9,0,"",FALSE,FALSE,FALSE,FALSE,"21686400",251
"2015-06-22",78,67,57,50,48,45,77,53,33,30.12,30.08,30.03,10,10,10,12,5,12,0,"",FALSE,FALSE,FALSE,FALSE,"21772800",252
"2015-06-23",81,68,55,50,45,33,72,47,19,30.17,30.11,30.03,10,10,10,9,2,9,0,"",FALSE,FALSE,FALSE,FALSE,"21859200",253
"2015-06-24",79,72,66,54,51,47,59,47,33,30.1,30.07,30.04,10,10,10,8,2,8,0,"",FALSE,FALSE,FALSE,FALSE,"21945600",254
"2015-06-25",88,76,64,57,52,45,73,47,25,30.15,30.11,30.07,10,10,10,9,2,20,0,"",FALSE,FALSE,FALSE,FALSE,"22032000",255
"2015-06-26",88,76,66,58,57,55,73,51,35,30.11,30.04,29.94,10,10,10,10,5,21,0,"",FALSE,FALSE,FALSE,FALSE,"22118400",256
"2015-06-27",91,78,66,56,54,48,68,44,27,30,29.94,29.89,10,10,10,12,3,21,0,"",FALSE,FALSE,FALSE,FALSE,"22204800",257
"2015-06-28",82,76,70,59,56,49,61,49,34,30.01,29.94,29.91,10,10,10,8,2,8,0,"Rain , Thunderstorm",TRUE,FALSE,FALSE,TRUE,"22291200",258
"2015-06-29",88,78,69,61,59,57,75,54,37,30.05,29.97,29.91,10,10,9,10,4,10,0.01,"Rain",TRUE,FALSE,FALSE,FALSE,"22377600",259
"2015-06-30",88,75,62,59,56,48,82,59,30,30.12,30.07,30,10,10,10,7,4,7,0,"",FALSE,FALSE,FALSE,FALSE,"22464000",260
"2015-07-01",89,76,64,56,54,50,68,46,31,30.06,30,29.93,10,10,10,12,4,20,0,"",FALSE,FALSE,FALSE,FALSE,"22550400",261
"2015-07-02",91,80,68,54,53,50,61,40,26,30.02,29.97,29.91,10,10,10,10,3,16,0,"",FALSE,FALSE,FALSE,FALSE,"22636800",262
"2015-07-03",93,80,68,55,53,49,59,40,23,29.96,29.9,29.82,10,10,9,9,4,9,0,"",FALSE,FALSE,FALSE,FALSE,"22723200",263
"2015-07-04",91,77,63,55,48,36,70,39,15,29.89,29.83,29.76,10,10,10,10,3,10,0,"",FALSE,FALSE,FALSE,FALSE,"22809600",264
"2015-07-05",91,78,66,54,49,43,61,37,21,29.88,29.82,29.79,10,10,7,10,3,10,0,"",FALSE,FALSE,FALSE,FALSE,"22896000",265
"2015-07-06",88,74,63,55,53,48,70,49,27,30.01,29.97,29.91,10,10,10,9,5,9,0,"",FALSE,FALSE,FALSE,FALSE,"22982400",266
"2015-07-07",81,70,61,55,53,52,72,58,39,30.07,29.99,29.88,10,10,10,8,6,8,0,"",FALSE,FALSE,FALSE,FALSE,"23068800",267
"2015-07-08",86,74,63,56,54,51,72,53,30,29.92,29.83,29.71,10,8,5,8,3,8,0,"",FALSE,FALSE,FALSE,FALSE,"23155200",268
"2015-07-09",86,73,62,59,57,54,78,60,40,29.78,29.74,29.66,10,10,7,9,3,9,0,"",FALSE,FALSE,FALSE,FALSE,"23241600",269
"2015-07-10",73,68,64,56,54,53,73,62,49,29.88,29.85,29.78,10,10,10,13,8,18,0,"",FALSE,FALSE,FALSE,FALSE,"23328000",270
"2015-07-11",73,68,64,56,54,52,70,60,48,29.98,29.92,29.87,10,10,10,9,6,9,0,"",FALSE,FALSE,FALSE,FALSE,"23414400",271
"2015-07-12",82,72,64,57,54,50,75,57,34,30.03,30,29.97,10,10,10,10,6,17,0,"",FALSE,FALSE,FALSE,FALSE,"23500800",272
"2015-07-13",79,72,66,57,55,51,70,58,42,30.09,30.05,30.01,10,10,10,13,4,13,0,"",FALSE,FALSE,FALSE,FALSE,"23587200",273
"2015-07-14",82,72,64,51,49,45,60,46,29,30.08,30.03,29.96,10,10,10,9,4,16,0,"",FALSE,FALSE,FALSE,FALSE,"23673600",274
"2015-07-15",81,72,63,53,51,49,61,50,35,30.09,30.05,30.01,10,10,10,10,2,10,0,"",FALSE,FALSE,FALSE,FALSE,"23760000",275
"2015-07-16",81,72,64,54,50,46,65,49,31,30.15,30.12,30.09,10,10,10,9,4,9,0,"",FALSE,FALSE,FALSE,FALSE,"23846400",276
"2015-07-17",82,71,60,52,48,42,70,46,24,30.14,30.07,29.99,10,10,10,12,3,18,0,"",FALSE,FALSE,FALSE,FALSE,"23932800",277
"2015-07-18",91,78,66,54,49,41,59,38,17,30.03,29.97,29.9,10,10,10,12,3,17,0,"",FALSE,FALSE,FALSE,FALSE,"24019200",278
"2015-07-19",98,83,69,57,52,48,65,39,19,30,29.96,29.92,10,10,10,13,3,20,0,"",FALSE,FALSE,FALSE,FALSE,"24105600",279
"2015-07-20",82,74,66,58,54,53,75,57,38,30.07,30.02,29.97,10,10,10,13,8,21,0,"",FALSE,FALSE,FALSE,FALSE,"24192000",280
"2015-07-21",75,68,62,56,52,49,78,58,38,30.01,29.97,29.9,10,10,4,9,3,9,0.13,"Rain",TRUE,FALSE,FALSE,FALSE,"24278400",281
"2015-07-22",77,68,61,52,50,48,70,55,37,29.96,29.92,29.86,10,10,10,10,4,10,0,"",FALSE,FALSE,FALSE,FALSE,"24364800",282
"2015-07-23",81,71,62,51,50,48,65,51,32,30.02,29.97,29.91,10,10,10,7,2,7,0,"",FALSE,FALSE,FALSE,FALSE,"24451200",283
"2015-07-24",77,67,59,59,53,50,76,60,44,30.1,30.06,30.02,10,10,7,13,6,24,0.01,"Rain",TRUE,FALSE,FALSE,FALSE,"24537600",284
"2015-07-25",70,66,62,61,54,49,88,67,52,30.08,30.05,30.02,10,10,5,12,4,16,0.02,"Rain",TRUE,FALSE,FALSE,FALSE,"24624000",285
"2015-07-26",73,66,60,56,52,49,80,66,45,30.1,30.07,30.04,10,10,4,8,2,8,0.1,"Rain",TRUE,FALSE,FALSE,FALSE,"24710400",286
"2015-07-27",77,65,55,54,51,45,84,61,34,30.23,30.18,30.11,10,10,6,7,2,7,0.01,"",FALSE,FALSE,FALSE,FALSE,"24796800",287
"2015-07-28",82,72,61,53,51,47,72,52,29,30.29,30.23,30.17,10,10,10,9,3,9,0,"",FALSE,FALSE,FALSE,FALSE,"24883200",288
"2015-07-29",89,75,62,55,51,48,75,46,26,30.2,30.14,30.07,10,10,9,10,3,18,0,"",FALSE,FALSE,FALSE,FALSE,"24969600",289
"2015-07-30",91,78,66,54,50,44,63,38,21,30.11,30.06,30,10,10,10,9,3,16,0,"",FALSE,FALSE,FALSE,FALSE,"25056000",290
"2015-07-31",93,80,68,52,46,38,55,33,15,30.09,30.03,29.96,10,10,10,9,3,9,0,"",FALSE,FALSE,FALSE,FALSE,"25142400",291
"2015-08-01",91,77,64,51,47,42,56,35,19,30.02,29.96,29.89,10,10,4,12,3,12,0,"",FALSE,FALSE,FALSE,FALSE,"25228800",292
"2015-08-02",90,77,64,55,52,47,67,45,23,29.95,29.91,29.86,10,10,10,8,2,8,0,"",FALSE,FALSE,FALSE,FALSE,"25315200",293
"2015-08-03",84,76,68,55,53,51,61,48,37,29.95,29.9,29.87,10,10,9,12,2,12,0,"",FALSE,FALSE,FALSE,FALSE,"25401600",294
"2015-08-04",81,70,61,56,52,48,78,57,34,30.02,29.99,29.94,10,10,10,10,5,10,0,"",FALSE,FALSE,FALSE,FALSE,"25488000",295
"2015-08-05",75,65,57,53,51,50,75,61,44,30.1,30.07,30.02,10,10,10,8,3,18,0,"",FALSE,FALSE,FALSE,FALSE,"25574400",296
"2015-08-06",79,70,62,52,50,47,70,52,34,30.14,30.09,30.02,10,10,10,8,4,8,0,"",FALSE,FALSE,FALSE,FALSE,"25660800",297
"2015-08-07",84,72,62,57,52,47,70,52,28,30.02,29.94,29.85,10,10,10,8,2,8,0,"",FALSE,FALSE,FALSE,FALSE,"25747200",298
"2015-08-08",80,70,62,59,57,55,84,67,45,29.96,29.89,29.87,10,10,10,13,5,20,0,"",FALSE,FALSE,FALSE,FALSE,"25833600",299
"2015-08-09",84,72,61,56,52,47,78,53,28,30.01,29.96,29.9,10,10,10,12,5,12,0,"",FALSE,FALSE,FALSE,FALSE,"25920000",300
"2015-08-10",84,75,66,57,52,49,73,47,29,29.96,29.92,29.87,10,10,10,12,3,12,0,"Rain",TRUE,FALSE,FALSE,FALSE,"26006400",301
"2015-08-11",87,76,66,55,54,50,68,47,30,29.98,29.93,29.86,10,10,10,10,3,10,0,"",FALSE,FALSE,FALSE,FALSE,"26092800",302
"2015-08-12",84,75,66,61,56,54,65,52,35,29.99,29.94,29.9,10,10,7,7,2,7,0.04,"Rain , Thunderstorm",TRUE,FALSE,FALSE,TRUE,"26179200",303
"2015-08-13",84,74,63,59,57,54,81,60,39,30.05,29.99,29.9,10,10,10,10,6,10,0,"",FALSE,FALSE,FALSE,FALSE,"26265600",304
"2015-08-14",68,65,62,57,56,54,84,75,65,30.15,30.01,29.92,10,8,4,14,7,26,0.57,"Rain , Thunderstorm",TRUE,FALSE,FALSE,TRUE,"26352000",305
"2015-08-15",72,66,60,55,53,50,78,65,49,30.25,30.22,30.16,10,10,10,12,7,12,0,"",FALSE,FALSE,FALSE,FALSE,"26438400",306
"2015-08-16",78,68,60,53,52,50,75,58,39,30.27,30.21,30.14,10,10,10,12,3,16,0,"",FALSE,FALSE,FALSE,FALSE,"26524800",307
"2015-08-17",81,70,60,55,52,47,78,53,30,30.15,30.1,30.04,10,10,10,12,2,18,0,"",FALSE,FALSE,FALSE,FALSE,"26611200",308
"2015-08-18",84,74,64,57,55,54,70,53,37,30.06,30,29.91,10,10,10,10,3,20,0,"",FALSE,FALSE,FALSE,FALSE,"26697600",309
"2015-08-19",91,78,64,57,54,48,75,49,23,29.93,29.88,29.79,10,10,10,7,2,7,0,"",FALSE,FALSE,FALSE,FALSE,"26784000",310
"2015-08-20",75,68,61,57,53,48,82,64,38,29.97,29.92,29.87,10,9,2,10,7,18,0,"",FALSE,FALSE,FALSE,FALSE,"26870400",311
"2015-08-21",75,66,60,51,49,44,68,56,35,30.07,29.98,29.91,10,10,10,9,6,9,0,"",FALSE,FALSE,FALSE,FALSE,"26956800",312
"2015-08-22",79,68,57,52,49,46,75,55,32,30.12,30.05,29.96,10,10,10,7,2,7,0,"",FALSE,FALSE,FALSE,FALSE,"27043200",313
"2015-08-23",82,70,59,53,49,44,72,49,27,29.98,29.95,29.91,10,8,3,6,1,6,0,"",FALSE,FALSE,FALSE,FALSE,"27129600",314
"2015-08-24",77,66,57,50,48,43,74,51,38,30.07,30.03,29.99,10,10,10,10,4,10,0,"",FALSE,FALSE,FALSE,FALSE,"27216000",315
"2015-08-25",78,68,57,49,45,39,65,45,25,30.11,30.05,29.99,10,10,10,12,2,17,0,"",FALSE,FALSE,FALSE,FALSE,"27302400",316
"2015-08-26",84,71,60,51,46,40,67,44,23,30.04,29.99,29.95,10,10,10,6,1,6,0,"",FALSE,FALSE,FALSE,FALSE,"27388800",317
"2015-08-27",87,74,62,52,48,39,63,41,22,30.09,30.02,29.94,10,10,10,8,3,8,0,"",FALSE,FALSE,FALSE,FALSE,"27475200",318
"2015-08-28",75,70,64,58,54,42,78,56,32,30.01,29.9,29.68,10,10,10,13,6,18,0.01,"Rain",TRUE,FALSE,FALSE,FALSE,"27561600",319
"2015-08-29",75,66,60,60,56,50,96,70,44,29.78,29.67,29.5,10,8,3,23,8,39,0.18,"Rain",TRUE,FALSE,FALSE,FALSE,"27648000",320
"2015-08-30",72,65,59,60,55,50,100,75,51,30,29.9,29.75,10,9,3,13,8,18,0.24,"Rain",TRUE,FALSE,FALSE,FALSE,"27734400",321
"2015-08-31",68,66,64,58,53,49,78,64,54,29.99,29.95,29.9,10,10,10,15,11,25,0.06,"Rain",TRUE,FALSE,FALSE,FALSE,"27820800",322
"2015-09-01",68,64,62,58,56,53,84,76,63,29.9,29.84,29.78,10,7,1,15,9,25,0.17,"Rain",TRUE,FALSE,FALSE,FALSE,"27907200",323
"2015-09-02",70,63,57,53,50,46,81,65,44,29.96,29.89,29.78,10,10,10,13,7,18,0.02,"Rain",TRUE,FALSE,FALSE,FALSE,"27993600",324
"2015-09-03",69,60,53,50,47,42,83,65,40,30.03,30,29.96,10,10,10,10,3,25,0,"",FALSE,FALSE,FALSE,FALSE,"28080000",325
"2015-09-04",66,60,54,49,47,46,80,68,48,30.02,30,29.98,10,10,10,8,2,8,0,"",FALSE,FALSE,FALSE,FALSE,"28166400",326
"2015-09-05",69,58,48,52,48,44,86,68,50,30.13,30.09,30.02,10,10,10,14,5,21,0.06,"Rain",TRUE,FALSE,FALSE,FALSE,"28252800",327
"2015-09-06",63,58,55,54,51,49,88,75,65,30.16,30.12,30.08,10,10,5,10,5,10,0.19,"Rain",TRUE,FALSE,FALSE,FALSE,"28339200",328
"2015-09-07",73,66,59,54,52,46,83,66,39,30.22,30.18,30.15,10,10,9,10,1,10,0,"",FALSE,FALSE,FALSE,FALSE,"28425600",329
"2015-09-08",75,67,59,58,54,50,78,67,55,30.17,30.11,30.06,10,10,8,13,6,13,0,"",FALSE,FALSE,FALSE,FALSE,"28512000",330
"2015-09-09",78,69,60,57,55,49,83,64,37,30.09,30.07,30.04,10,10,10,8,2,8,0,"",FALSE,FALSE,FALSE,FALSE,"28598400",331
"2015-09-10",75,68,61,57,56,55,83,67,50,30.12,30.08,30.02,10,10,6,12,3,16,0.01,"",FALSE,FALSE,FALSE,FALSE,"28684800",332
"2015-09-11",82,72,62,58,56,54,80,60,42,30.07,30.03,29.96,10,10,10,8,2,8,0,"",FALSE,FALSE,FALSE,FALSE,"28771200",333
"2015-09-12",81,71,62,57,55,53,78,60,40,30.04,29.99,29.95,10,10,10,10,2,16,0,"",FALSE,FALSE,FALSE,FALSE,"28857600",334
"2015-09-13",72,66,59,58,53,45,86,69,41,29.99,29.95,29.9,10,8,1,12,4,12,0.03,"Rain",TRUE,FALSE,FALSE,FALSE,"28944000",335
"2015-09-14",64,58,53,47,45,42,74,61,48,29.89,29.81,29.73,10,10,9,9,7,9,0,"",FALSE,FALSE,FALSE,FALSE,"29030400",336
"2015-09-15",66,59,52,47,44,42,72,61,42,29.84,29.81,29.78,10,10,10,10,7,10,0,"",FALSE,FALSE,FALSE,FALSE,"29116800",337
"2015-09-16",70,60,50,55,46,44,83,59,41,29.88,29.84,29.82,10,10,8,8,4,8,0.04,"Rain",TRUE,FALSE,FALSE,FALSE,"29203200",338
"2015-09-17",68,62,57,57,54,51,84,77,65,30.1,29.94,29.83,10,10,3,12,3,18,0.58,"Rain",TRUE,FALSE,FALSE,FALSE,"29289600",339
"2015-09-18",70,64,57,55,52,50,82,67,51,30.13,30.09,30.04,10,10,10,9,5,9,0.01,"",FALSE,FALSE,FALSE,FALSE,"29376000",340
"2015-09-19",73,66,60,59,55,53,78,69,55,30.05,30.01,29.95,10,10,10,14,7,22,0,"",FALSE,FALSE,FALSE,FALSE,"29462400",341
"2015-09-20",75,66,57,61,58,51,86,73,55,29.97,29.92,29.87,10,9,2,17,11,26,0.09,"Rain",TRUE,FALSE,FALSE,FALSE,"29548800",342
"2015-09-21",66,60,55,52,47,41,81,61,40,30.1,30.04,29.98,10,10,10,8,2,8,0,"",FALSE,FALSE,FALSE,FALSE,"29635200",343
"2015-09-22",68,57,46,47,43,36,83,60,31,30.04,30.01,29.97,10,10,10,10,2,10,0,"",FALSE,FALSE,FALSE,FALSE,"29721600",344
"2015-09-23",71,60,48,47,45,42,80,59,39,30.06,30.03,29.99,10,10,10,8,3,8,0,"",FALSE,FALSE,FALSE,FALSE,"29808000",345
"2015-09-24",75,64,54,53,50,47,77,59,44,30.04,29.99,29.96,10,10,10,10,3,16,0,"",FALSE,FALSE,FALSE,FALSE,"29894400",346
"2015-09-25",63,61,59,54,52,45,82,73,57,30.07,30.04,30.01,10,10,8,10,4,10,0.03,"Rain",TRUE,FALSE,FALSE,FALSE,"29980800",347
"2015-09-26",64,60,55,47,45,39,72,59,43,30.2,30.16,30.08,10,10,10,8,2,8,0,"",FALSE,FALSE,FALSE,FALSE,"30067200",348
"2015-09-27",64,55,46,46,44,39,83,65,41,30.22,30.16,30.09,10,10,10,10,3,20,0,"",FALSE,FALSE,FALSE,FALSE,"30153600",349
"2015-09-28",69,61,53,50,47,45,77,64,49,30.09,30.01,29.93,10,10,10,9,3,9,0,"",FALSE,FALSE,FALSE,FALSE,"30240000",350
"2015-09-29",73,62,53,50,48,45,83,62,40,29.96,29.93,29.89,10,10,10,8,1,8,0,"Rain",TRUE,FALSE,FALSE,FALSE,"30326400",351
"2015-09-30",68,60,53,52,50,47,89,76,57,30.04,30,29.95,10,8,3,8,3,8,0,"",FALSE,FALSE,FALSE,FALSE,"30412800",352
"2015-10-01",70,60,51,54,50,46,90,74,47,30.13,30.04,29.98,10,7,0,7,1,7,0.01,"Fog",FALSE,TRUE,FALSE,FALSE,"30499200",353
"2015-10-02",62,58,53,52,51,48,89,77,67,30.22,30.17,30.07,10,8,3,13,3,13,0,"",FALSE,FALSE,FALSE,FALSE,"30585600",354
"2015-10-03",68,62,55,50,45,40,77,58,40,30.09,30.05,30.01,10,10,10,8,5,8,0,"",FALSE,FALSE,FALSE,FALSE,"30672000",355
"2015-10-04",72,62,54,48,46,42,80,57,38,30,29.93,29.86,10,10,10,9,3,9,0,"",FALSE,FALSE,FALSE,FALSE,"30758400",356
"2015-10-05",73,62,52,50,48,44,77,62,45,29.91,29.88,29.86,10,10,10,7,1,7,0,"",FALSE,FALSE,FALSE,FALSE,"30844800",357
"2015-10-06",66,60,54,53,50,47,83,70,51,30.09,30,29.9,10,10,10,13,4,18,0.01,"",FALSE,FALSE,FALSE,FALSE,"30931200",358
"2015-10-07",62,60,59,57,55,53,87,81,72,30.17,30.12,30.08,10,8,3,9,5,9,0.38,"Rain",TRUE,FALSE,FALSE,FALSE,"31017600",359
"2015-10-08",71,64,59,59,57,55,88,79,63,30.16,30.09,29.97,10,9,4,5,1,5,0,"",FALSE,FALSE,FALSE,FALSE,"31104000",360
"2015-10-09",70,62,55,59,55,50,94,77,63,29.97,29.94,29.9,10,7,0,9,4,9,0.01,"Fog , Rain",TRUE,TRUE,FALSE,FALSE,"31190400",361
"2015-10-10",72,66,60,62,57,51,88,79,57,29.97,29.75,29.57,10,8,3,16,8,29,0.77,"Rain",TRUE,FALSE,FALSE,FALSE,"31276800",362
"2015-10-11",66,60,54,51,49,46,84,69,50,30.21,30.12,30,10,10,10,10,5,10,0,"",FALSE,FALSE,FALSE,FALSE,"31363200",363
"2015-10-12",68,61,54,61,53,46,94,76,59,30.15,30.1,30.05,10,7,2,12,6,21,0.34,"Rain",TRUE,FALSE,FALSE,FALSE,"31449600",364
